<?xml version="1.0" encoding="UTF-8"?>
<metadata xmlns="http://www.demandware.com/xml/impex/metadata/2006-10-31">
    <type-extension type-id="SitePreferences">
        <custom-attribute-definitions>
            <attribute-definition attribute-id="mktNewsletterKey">
                <display-name xml:lang="x-default">Marketing NewsLetter Key</display-name>
                <type>string</type>
                <mandatory-flag>false</mandatory-flag>
                <externally-managed-flag>false</externally-managed-flag>
                <min-length>0</min-length>
            </attribute-definition>
        </custom-attribute-definitions>
        <group-definitions>
            <attribute-group group-id="marketingEventKey">
                <display-name xml:lang="x-default">Marketing Events Keys</display-name>
                <attribute attribute-id="mktNewsletterKey"/>
            </attribute-group>
        </group-definitions>
    </type-extension>
</metadata>
